{"entities":{"pages":{"Tutorial":{"id":"Tutorial","title":"ETClient","url":"tutorial.html","level":0,"pages":["How-to"],"tabIndex":0},"How-to":{"id":"How-to","title":"如何","url":"how-to.html","level":1,"parentId":"Tutorial","tabIndex":0},"Default-topic":{"id":"Default-topic","title":"This is the first topic","url":"default-topic.html","level":0,"tabIndex":1},"Overview":{"id":"Overview","title":"Overview","url":"overview.html","level":0,"tabIndex":2}}},"topLevelIds":["Tutorial","Default-topic","Overview"]}